{"entity.lightning_bolt.thunder":{"sounds":[{"name":"ambient\/weather\/thunder1","volume":0.05},{"name":"ambient\/weather\/thunder2","volume":0.05},{"name":"ambient\/weather\/thunder3","volume":0.05}],"replace":true,"subtitle":"subtitles.entity.lightning_bolt.thunder"},"item.trident.thunder":{"sounds":[{"name":"item\/trident\/thunder1","volume":0.05},{"name":"item\/trident\/thunder2","volume":0.05}],"replace":true,"subtitle":"subtitles.item.trident.thunder"},"item.flintandsteel.use":{"sounds":[{"name":"fire\/ignite","volume":0.05}],"replace":true,"subtitle":"subtitles.item.flintandsteel.use"},"entity.generic.extinguish_fire":{"sounds":[{"name":"random\/fizz","volume":0.05}],"replace":true,"subtitle":"subtitles.entity.generic.extinguish_fire"},"block.fire.extinguish":{"sounds":[{"name":"random\/fizz","volume":0.05}],"replace":true,"subtitle":"subtitles.block.fire.extinguish"},"entity.player.hurt_on_fire":{"sounds":[{"name":"entity\/player\/hurt\/fire_hurt1","volume":0.05},{"name":"entity\/player\/hurt\/fire_hurt2","volume":0.05},{"name":"entity\/player\/hurt\/fire_hurt3","volume":0.05}],"replace":true,"subtitle":"subtitles.entity.player.hurt_on_fire"},"block.fire.ambient":{"sounds":[{"name":"fire\/fire","volume":0.05}],"replace":true,"subtitle":"subtitles.block.fire.ambient"},"block.portal.ambient":{"sounds":[{"attenuation_distance":10,"name":"portal\/portal","volume":0.05}],"replace":true,"subtitle":"subtitles.block.portal.ambient"},"block.portal.travel":{"sounds":[{"name":"portal\/travel","volume":0.05}],"replace":true},"block.portal.trigger":{"sounds":[{"name":"portal\/trigger","volume":0.05}],"replace":true,"subtitle":"subtitles.block.portal.trigger"},"entity.player.burp":{"sounds":[{"name":"random\/burp","volume":0.05}],"replace":true,"subtitle":"subtitles.entity.player.burp"},"entity.generic.drink":{"sounds":[{"name":"random\/drink","volume":0.05}],"replace":true,"subtitle":"subtitles.entity.generic.drink"},"entity.generic.eat":{"sounds":[{"name":"random\/eat1","volume":0.05},{"name":"random\/eat2","volume":0.05},{"name":"random\/eat3","volume":0.05}],"replace":true,"subtitle":"subtitles.entity.generic.eat"},"entity.minecart.inside":{"sounds":[{"name":"minecart\/inside","volume":0.05}],"replace":true},"entity.minecart.inside.underwater":{"sounds":[{"name":"minecart\/inside_underwater1","volume":0.05},{"name":"minecart\/inside_underwater2","volume":0.05},{"name":"minecart\/inside_underwater3","volume":0.05}],"replace":true},"entity.minecart.riding":{"sounds":[{"name":"minecart\/base","volume":0.05}],"replace":true,"subtitle":"subtitles.entity.minecart.riding"},"weather.rain":{"sounds":[{"name":"ambient\/weather\/rain1","volume":0.05},{"name":"ambient\/weather\/rain2","volume":0.05},{"name":"ambient\/weather\/rain3","volume":0.05},{"name":"ambient\/weather\/rain4","volume":0.05},{"name":"ambient\/weather\/rain5","volume":0.05},{"name":"ambient\/weather\/rain6","volume":0.05},{"name":"ambient\/weather\/rain7","volume":0.05},{"name":"ambient\/weather\/rain8","volume":0.05}],"replace":true,"subtitle":"subtitles.weather.rain"},"weather.rain.above":{"sounds":[{"name":"ambient\/weather\/rain1","volume":0.05},{"name":"ambient\/weather\/rain2","volume":0.05},{"name":"ambient\/weather\/rain3","volume":0.05},{"name":"ambient\/weather\/rain4","volume":0.05}],"replace":true,"subtitle":"subtitles.weather.rain"}}